{
  "n_runs": 1,
  "rule": "balanced 2/3/2 test split, exclude subject22-28,32",
  "action_level": {
    "model": "DL MIL attention pooling on sliding-window embeddings",
    "win_stride": 40,
    "mil_epochs": 450,
    "mil_lr": 0.002,
    "mil_wd": 0.001,
    "class_weights": [
      1.6,
      1.0,
      1.6
    ],
    "margin_penalty": {
      "lambda": 2.0,
      "margin": 0.15
    },
    "batch_trials": 64
  },
  "meta_level": {
    "logreg": {
      "C": 1.0,
      "acc": {
        "mean": 0.7142857142857143,
        "std": 0.0,
        "median": 0.7142857142857143,
        "p25": 0.7142857142857143,
        "p75": 0.7142857142857143,
        "min": 0.7142857142857143,
        "max": 0.7142857142857143
      },
      "macro_f1": {
        "mean": 0.7000000000000001,
        "std": 0.0,
        "median": 0.7000000000000001,
        "p25": 0.7000000000000001,
        "p75": 0.7000000000000001,
        "min": 0.7000000000000001,
        "max": 0.7000000000000001
      }
    },
    "mlp": {
      "epochs": 700,
      "acc": {
        "mean": 0.7142857142857143,
        "std": 0.0,
        "median": 0.7142857142857143,
        "p25": 0.7142857142857143,
        "p75": 0.7142857142857143,
        "min": 0.7142857142857143,
        "max": 0.7142857142857143
      },
      "macro_f1": {
        "mean": 0.7000000000000001,
        "std": 0.0,
        "median": 0.7000000000000001,
        "p25": 0.7000000000000001,
        "p75": 0.7000000000000001,
        "min": 0.7000000000000001,
        "max": 0.7000000000000001
      }
    }
  }
}